Workbook

Sheet 1. Yönetici Özeti
B2: DORUK SAĞLIK GRUBU — META (Instagram/Facebook) REKLAM ANALİZİ
B3: Rapor Dönemi: 23 Haziran 2026 – 22 Temmuz 2026 (30 günlük pencere · 26 aktif gün)
B5: ANA GÖSTERGELER
B6: Toplam Harcama | E6: =SUM('Ham Veri (Kategorili)'!G2:G763)
B7: Günlük Ort. (26 aktif gün) | E7: =SUM('Ham Veri (Kategorili)'!G2:G763)/26
B8: Günlük Ort. (30 gün pencere) | E8: =SUM('Ham Veri (Kategorili)'!G2:G763)/30
B9: Toplam Kampanya Sayısı | E9: 58
B10: Sayfa Sayısı | E10: 6
B12: ANA KATEGORİ DAĞILIMI (Sayfa Tipine Göre)
B13: Ana Kategori | C13: Harcama | D13: Pay % | E13: Günlük Ort. (30g)
B14: Hastane (Kurumsal) | C14: =SUMIFS('Ham Veri (Kategorili)'!$G$2:$G$763,'Ham Veri (Kategorili)'!$D$2:$D$763,"Hastane (Kurumsal)") | D14: =SUMIFS('Ham Veri (Kategorili)'!$G$2:$G$763,'Ham Veri (Kategorili)'!$D$2:$D$763,"Hastane (Kurumsal)")/SUM('Ham Veri (Kategorili)'!$G$2:$G$763) | E14: =SUMIFS('Ham Veri (Kategorili)'!$G$2:$G$763,'Ham Veri (Kategorili)'!$D$2:$D$763,"Hastane (Kurumsal)")/30
B15: Estetik Marka | C15: =SUMIFS('Ham Veri (Kategorili)'!$G$2:$G$763,'Ham Veri (Kategorili)'!$D$2:$D$763,"Estetik Marka") | D15: =SUMIFS('Ham Veri (Kategorili)'!$G$2:$G$763,'Ham Veri (Kategorili)'!$D$2:$D$763,"Estetik Marka")/SUM('Ham Veri (Kategorili)'!$G$2:$G$763) | E15: =SUMIFS('Ham Veri (Kategorili)'!$G$2:$G$763,'Ham Veri (Kategorili)'!$D$2:$D$763,"Estetik Marka")/30
B16: Doktor Sayfaları | C16: =SUMIFS('Ham Veri (Kategorili)'!$G$2:$G$763,'Ham Veri (Kategorili)'!$D$2:$D$763,"Doktor Sayfaları") | D16: =SUMIFS('Ham Veri (Kategorili)'!$G$2:$G$763,'Ham Veri (Kategorili)'!$D$2:$D$763,"Doktor Sayfaları")/SUM('Ham Veri (Kategorili)'!$G$2:$G$763) | E16: =SUMIFS('Ham Veri (Kategorili)'!$G$2:$G$763,'Ham Veri (Kategorili)'!$D$2:$D$763,"Doktor Sayfaları")/30
B17: TOPLAM | C17: =SUM('Ham Veri (Kategorili)'!$G$2:$G$763) | D17: =SUM('Ham Veri (Kategorili)'!$G$2:$G$763)/SUM('Ham Veri (Kategorili)'!$G$2:$G$763) | E17: =SUM('Ham Veri (Kategorili)'!$G$2:$G$763)/30
B19: KAMPANYA AMACI DAĞILIMI (Ne İçin Harcandı?)
B20: Kampanya Amacı | C20: Harcama | D20: Pay % | E20: Günlük Ort. (30g)
B21: Lead Toplama (Form) | C21: =SUMIFS('Ham Veri (Kategorili)'!$G$2:$G$763,'Ham Veri (Kategorili)'!$E$2:$E$763,"Lead Toplama (Form)") | D21: =SUMIFS('Ham Veri (Kategorili)'!$G$2:$G$763,'Ham Veri (Kategorili)'!$E$2:$E$763,"Lead Toplama (Form)")/SUM('Ham Veri (Kategorili)'!$G$2:$G$763) | E21: =SUMIFS('Ham Veri (Kategorili)'!$G$2:$G$763,'Ham Veri (Kategorili)'!$E$2:$E$763,"Lead Toplama (Form)")/30
B22: Instagram Öne Çıkarma | C22: =SUMIFS('Ham Veri (Kategorili)'!$G$2:$G$763,'Ham Veri (Kategorili)'!$E$2:$E$763,"Instagram Öne Çıkarma") | D22: =SUMIFS('Ham Veri (Kategorili)'!$G$2:$G$763,'Ham Veri (Kategorili)'!$E$2:$E$763,"Instagram Öne Çıkarma")/SUM('Ham Veri (Kategorili)'!$G$2:$G$763) | E22: =SUMIFS('Ham Veri (Kategorili)'!$G$2:$G$763,'Ham Veri (Kategorili)'!$E$2:$E$763,"Instagram Öne Çıkarma")/30
B23: Marka Bilinirliği (Erişim) | C23: =SUMIFS('Ham Veri (Kategorili)'!$G$2:$G$763,'Ham Veri (Kategorili)'!$E$2:$E$763,"Marka Bilinirliği (Erişim)") | D23: =SUMIFS('Ham Veri (Kategorili)'!$G$2:$G$763,'Ham Veri (Kategorili)'!$E$2:$E$763,"Marka Bilinirliği (Erişim)")/SUM('Ham Veri (Kategorili)'!$G$2:$G$763) | E23: =SUMIFS('Ham Veri (Kategorili)'!$G$2:$G$763,'Ham Veri (Kategorili)'!$E$2:$E$763,"Marka Bilinirliği (Erişim)")/30
B26: YORUM / TESPİTLER
B27: • Harcamanın %84,5'i Hastane (Kurumsal) sayfasından; kalan doktor ve estetik marka sayfalarından yapılıyor.
B28: • Amaç bazında en büyük kalem Lead Toplama (%51,2) — asıl hedef hasta/başvuru kaydı toplamak.
B29: • Instagram Öne Çıkarmalar toplam bütçenin %27'si; bunun içinde Doruk Hastaneleri %64,6, Doktorlar %22,8, Estetik %12,6.
B30: • Marka Bilinirliği (Erişim) %21,8 — en büyük parça "Doktor - Bilinirlik" kampanyaları (Nilüfer + Yıldırım).
B31: • Detaylı kırılımlar için "2. Kategori Analizi", kampanya bazında "3. Kampanya Detayı",
B32: günlük 60.000 TL senaryosu için "4. 60 Bin TL Dağıtımı" sekmesine bakınız.

Sheet 2. Kategori Analizi
B2: KATEGORİ ANALİZİ — Titiz Kırılım
B4: A) ANA KATEGORİ — Sayfa Tipi (Hastane / Marka / Doktor)
B5: Kategori | C5: Harcama (TL) | D5: Pay % | E5: Günlük Ort. (30g) | F5: Aktif Gün Ort.
B6: Hastane (Kurumsal) | C6: =SUMIFS('Ham Veri (Kategorili)'!$G$2:$G$763,'Ham Veri (Kategorili)'!$D$2:$D$763,"Hastane (Kurumsal)") | D6: =SUMIFS('Ham Veri (Kategorili)'!$G$2:$G$763,'Ham Veri (Kategorili)'!$D$2:$D$763,"Hastane (Kurumsal)")/SUM('Ham Veri (Kategorili)'!$G$2:$G$763) | E6: =SUMIFS('Ham Veri (Kategorili)'!$G$2:$G$763,'Ham Veri (Kategorili)'!$D$2:$D$763,"Hastane (Kurumsal)")/30 | F6: =SUMIFS('Ham Veri (Kategorili)'!$G$2:$G$763,'Ham Veri (Kategorili)'!$D$2:$D$763,"Hastane (Kurumsal)")/26
B7: Estetik Marka | C7: =SUMIFS('Ham Veri (Kategorili)'!$G$2:$G$763,'Ham Veri (Kategorili)'!$D$2:$D$763,"Estetik Marka") | D7: =SUMIFS('Ham Veri (Kategorili)'!$G$2:$G$763,'Ham Veri (Kategorili)'!$D$2:$D$763,"Estetik Marka")/SUM('Ham Veri (Kategorili)'!$G$2:$G$763) | E7: =SUMIFS('Ham Veri (Kategorili)'!$G$2:$G$763,'Ham Veri (Kategorili)'!$D$2:$D$763,"Estetik Marka")/30 | F7: =SUMIFS('Ham Veri (Kategorili)'!$G$2:$G$763,'Ham Veri (Kategorili)'!$D$2:$D$763,"Estetik Marka")/26
B8: Doktor Sayfaları | C8: =SUMIFS('Ham Veri (Kategorili)'!$G$2:$G$763,'Ham Veri (Kategorili)'!$D$2:$D$763,"Doktor Sayfaları") | D8: =SUMIFS('Ham Veri (Kategorili)'!$G$2:$G$763,'Ham Veri (Kategorili)'!$D$2:$D$763,"Doktor Sayfaları")/SUM('Ham Veri (Kategorili)'!$G$2:$G$763) | E8: =SUMIFS('Ham Veri (Kategorili)'!$G$2:$G$763,'Ham Veri (Kategorili)'!$D$2:$D$763,"Doktor Sayfaları")/30 | F8: =SUMIFS('Ham Veri (Kategorili)'!$G$2:$G$763,'Ham Veri (Kategorili)'!$D$2:$D$763,"Doktor Sayfaları")/26
B9: TOPLAM | C9: =SUM(C6:C8) | D9: =SUM(D6:D8) | E9: =SUM(E6:E8) | F9: =SUM(F6:F8)
B11: B) KAMPANYA AMACI — Ne İçin? (Lead / Öne Çıkarma / Bilinirlik)
B12: Kategori | C12: Harcama (TL) | D12: Pay % | E12: Günlük Ort. (30g) | F12: Aktif Gün Ort.
B13: Lead Toplama (Form) | C13: =SUMIFS('Ham Veri (Kategorili)'!$G$2:$G$763,'Ham Veri (Kategorili)'!$E$2:$E$763,"Lead Toplama (Form)") | D13: =SUMIFS('Ham Veri (Kategorili)'!$G$2:$G$763,'Ham Veri (Kategorili)'!$E$2:$E$763,"Lead Toplama (Form)")/SUM('Ham Veri (Kategorili)'!$G$2:$G$763) | E13: =SUMIFS('Ham Veri (Kategorili)'!$G$2:$G$763,'Ham Veri (Kategorili)'!$E$2:$E$763,"Lead Toplama (Form)")/30 | F13: =SUMIFS('Ham Veri (Kategorili)'!$G$2:$G$763,'Ham Veri (Kategorili)'!$E$2:$E$763,"Lead Toplama (Form)")/26
B14: Instagram Öne Çıkarma | C14: =SUMIFS('Ham Veri (Kategorili)'!$G$2:$G$763,'Ham Veri (Kategorili)'!$E$2:$E$763,"Instagram Öne Çıkarma") | D14: =SUMIFS('Ham Veri (Kategorili)'!$G$2:$G$763,'Ham Veri (Kategorili)'!$E$2:$E$763,"Instagram Öne Çıkarma")/SUM('Ham Veri (Kategorili)'!$G$2:$G$763) | E14: =SUMIFS('Ham Veri (Kategorili)'!$G$2:$G$763,'Ham Veri (Kategorili)'!$E$2:$E$763,"Instagram Öne Çıkarma")/30 | F14: =SUMIFS('Ham Veri (Kategorili)'!$G$2:$G$763,'Ham Veri (Kategorili)'!$E$2:$E$763,"Instagram Öne Çıkarma")/26
B15: Marka Bilinirliği (Erişim) | C15: =SUMIFS('Ham Veri (Kategorili)'!$G$2:$G$763,'Ham Veri (Kategorili)'!$E$2:$E$763,"Marka Bilinirliği (Erişim)") | D15: =SUMIFS('Ham Veri (Kategorili)'!$G$2:$G$763,'Ham Veri (Kategorili)'!$E$2:$E$763,"Marka Bilinirliği (Erişim)")/SUM('Ham Veri (Kategorili)'!$G$2:$G$763) | E15: =SUMIFS('Ham Veri (Kategorili)'!$G$2:$G$763,'Ham Veri (Kategorili)'!$E$2:$E$763,"Marka Bilinirliği (Erişim)")/30 | F15: =SUMIFS('Ham Veri (Kategorili)'!$G$2:$G$763,'Ham Veri (Kategorili)'!$E$2:$E$763,"Marka Bilinirliği (Erişim)")/26
B16: TOPLAM | C16: =SUM(C13:C15) | D16: =SUM(D13:D15) | E16: =SUM(E13:E15) | F16: =SUM(F13:F15)
B18: C) INSTAGRAM ÖNE ÇIKARMA — Alt Kırılım (Hastane vs Doktor vs Estetik)
B19: Kategori | C19: Harcama (TL) | D19: Pay % | E19: Günlük Ort. (30g) | F19: Aktif Gün Ort.
B20: Öne Çıkarma - Doruk Hastaneleri | C20: =SUMIFS('Ham Veri (Kategorili)'!$G$2:$G$763,'Ham Veri (Kategorili)'!$F$2:$F$763,"Öne Çıkarma - Doruk Hastaneleri") | D20: =SUMIFS('Ham Veri (Kategorili)'!$G$2:$G$763,'Ham Veri (Kategorili)'!$F$2:$F$763,"Öne Çıkarma - Doruk Hastaneleri")/SUM('Ham Veri (Kategorili)'!$G$2:$G$763) | E20: =SUMIFS('Ham Veri (Kategorili)'!$G$2:$G$763,'Ham Veri (Kategorili)'!$F$2:$F$763,"Öne Çıkarma - Doruk Hastaneleri")/30 | F20: =SUMIFS('Ham Veri (Kategorili)'!$G$2:$G$763,'Ham Veri (Kategorili)'!$F$2:$F$763,"Öne Çıkarma - Doruk Hastaneleri")/26
B21: Öne Çıkarma - Doktor | C21: =SUMIFS('Ham Veri (Kategorili)'!$G$2:$G$763,'Ham Veri (Kategorili)'!$F$2:$F$763,"Öne Çıkarma - Doktor") | D21: =SUMIFS('Ham Veri (Kategorili)'!$G$2:$G$763,'Ham Veri (Kategorili)'!$F$2:$F$763,"Öne Çıkarma - Doktor")/SUM('Ham Veri (Kategorili)'!$G$2:$G$763) | E21: =SUMIFS('Ham Veri (Kategorili)'!$G$2:$G$763,'Ham Veri (Kategorili)'!$F$2:$F$763,"Öne Çıkarma - Doktor")/30 | F21: =SUMIFS('Ham Veri (Kategorili)'!$G$2:$G$763,'Ham Veri (Kategorili)'!$F$2:$F$763,"Öne Çıkarma - Doktor")/26
B22: Öne Çıkarma - Doruk Estetik | C22: =SUMIFS('Ham Veri (Kategorili)'!$G$2:$G$763,'Ham Veri (Kategorili)'!$F$2:$F$763,"Öne Çıkarma - Doruk Estetik") | D22: =SUMIFS('Ham Veri (Kategorili)'!$G$2:$G$763,'Ham Veri (Kategorili)'!$F$2:$F$763,"Öne Çıkarma - Doruk Estetik")/SUM('Ham Veri (Kategorili)'!$G$2:$G$763) | E22: =SUMIFS('Ham Veri (Kategorili)'!$G$2:$G$763,'Ham Veri (Kategorili)'!$F$2:$F$763,"Öne Çıkarma - Doruk Estetik")/30 | F22: =SUMIFS('Ham Veri (Kategorili)'!$G$2:$G$763,'Ham Veri (Kategorili)'!$F$2:$F$763,"Öne Çıkarma - Doruk Estetik")/26
B23: TOPLAM | C23: =SUM(C20:C22) | D23: =SUM(D20:D22) | E23: =SUM(E20:E22) | F23: =SUM(F20:F22)
B25: D) LEAD TOPLAMA — Konu Bazında Alt Kırılım
B26: Kategori | C26: Harcama (TL) | D26: Pay % | E26: Günlük Ort. (30g) | F26: Aktif Gün Ort.
B27: Lead - Kadın Doğum/Gebe/FTR | C27: =SUMIFS('Ham Veri (Kategorili)'!$G$2:$G$763,'Ham Veri (Kategorili)'!$F$2:$F$763,"Lead - Kadın Doğum/Gebe/FTR") | D27: =SUMIFS('Ham Veri (Kategorili)'!$G$2:$G$763,'Ham Veri (Kategorili)'!$F$2:$F$763,"Lead - Kadın Doğum/Gebe/FTR")/SUM('Ham Veri (Kategorili)'!$G$2:$G$763) | E27: =SUMIFS('Ham Veri (Kategorili)'!$G$2:$G$763,'Ham Veri (Kategorili)'!$F$2:$F$763,"Lead - Kadın Doğum/Gebe/FTR")/30 | F27: =SUMIFS('Ham Veri (Kategorili)'!$G$2:$G$763,'Ham Veri (Kategorili)'!$F$2:$F$763,"Lead - Kadın Doğum/Gebe/FTR")/26
B28: Lead - Estetik/Plastik/Saç | C28: =SUMIFS('Ham Veri (Kategorili)'!$G$2:$G$763,'Ham Veri (Kategorili)'!$F$2:$F$763,"Lead - Estetik/Plastik/Saç") | D28: =SUMIFS('Ham Veri (Kategorili)'!$G$2:$G$763,'Ham Veri (Kategorili)'!$F$2:$F$763,"Lead - Estetik/Plastik/Saç")/SUM('Ham Veri (Kategorili)'!$G$2:$G$763) | E28: =SUMIFS('Ham Veri (Kategorili)'!$G$2:$G$763,'Ham Veri (Kategorili)'!$F$2:$F$763,"Lead - Estetik/Plastik/Saç")/30 | F28: =SUMIFS('Ham Veri (Kategorili)'!$G$2:$G$763,'Ham Veri (Kategorili)'!$F$2:$F$763,"Lead - Estetik/Plastik/Saç")/26
B29: Lead - Check-up/Tarama | C29: =SUMIFS('Ham Veri (Kategorili)'!$G$2:$G$763,'Ham Veri (Kategorili)'!$F$2:$F$763,"Lead - Check-up/Tarama") | D29: =SUMIFS('Ham Veri (Kategorili)'!$G$2:$G$763,'Ham Veri (Kategorili)'!$F$2:$F$763,"Lead - Check-up/Tarama")/SUM('Ham Veri (Kategorili)'!$G$2:$G$763) | E29: =SUMIFS('Ham Veri (Kategorili)'!$G$2:$G$763,'Ham Veri (Kategorili)'!$F$2:$F$763,"Lead - Check-up/Tarama")/30 | F29: =SUMIFS('Ham Veri (Kategorili)'!$G$2:$G$763,'Ham Veri (Kategorili)'!$F$2:$F$763,"Lead - Check-up/Tarama")/26
B30: Lead - İK/İş Başvurusu | C30: =SUMIFS('Ham Veri (Kategorili)'!$G$2:$G$763,'Ham Veri (Kategorili)'!$F$2:$F$763,"Lead - İK/İş Başvurusu") | D30: =SUMIFS('Ham Veri (Kategorili)'!$G$2:$G$763,'Ham Veri (Kategorili)'!$F$2:$F$763,"Lead - İK/İş Başvurusu")/SUM('Ham Veri (Kategorili)'!$G$2:$G$763) | E30: =SUMIFS('Ham Veri (Kategorili)'!$G$2:$G$763,'Ham Veri (Kategorili)'!$F$2:$F$763,"Lead - İK/İş Başvurusu")/30 | F30: =SUMIFS('Ham Veri (Kategorili)'!$G$2:$G$763,'Ham Veri (Kategorili)'!$F$2:$F$763,"Lead - İK/İş Başvurusu")/26
B31: TOPLAM | C31: =SUM(C27:C30) | D31: =SUM(D27:D30) | E31: =SUM(E27:E30) | F31: =SUM(F27:F30)
B33: E) MARKA BİLİNİRLİĞİ — Alt Kırılım
B34: Kategori | C34: Harcama (TL) | D34: Pay % | E34: Günlük Ort. (30g) | F34: Aktif Gün Ort.
B35: Bilinirlik - Doktor Tanıtım | C35: =SUMIFS('Ham Veri (Kategorili)'!$G$2:$G$763,'Ham Veri (Kategorili)'!$F$2:$F$763,"Bilinirlik - Doktor Tanıtım") | D35: =SUMIFS('Ham Veri (Kategorili)'!$G$2:$G$763,'Ham Veri (Kategorili)'!$F$2:$F$763,"Bilinirlik - Doktor Tanıtım")/SUM('Ham Veri (Kategorili)'!$G$2:$G$763) | E35: =SUMIFS('Ham Veri (Kategorili)'!$G$2:$G$763,'Ham Veri (Kategorili)'!$F$2:$F$763,"Bilinirlik - Doktor Tanıtım")/30 | F35: =SUMIFS('Ham Veri (Kategorili)'!$G$2:$G$763,'Ham Veri (Kategorili)'!$F$2:$F$763,"Bilinirlik - Doktor Tanıtım")/26
B36: Bilinirlik - Kurumsal (ÖSS-TSS) | C36: =SUMIFS('Ham Veri (Kategorili)'!$G$2:$G$763,'Ham Veri (Kategorili)'!$F$2:$F$763,"Bilinirlik - Kurumsal (ÖSS-TSS)") | D36: =SUMIFS('Ham Veri (Kategorili)'!$G$2:$G$763,'Ham Veri (Kategorili)'!$F$2:$F$763,"Bilinirlik - Kurumsal (ÖSS-TSS)")/SUM('Ham Veri (Kategorili)'!$G$2:$G$763) | E36: =SUMIFS('Ham Veri (Kategorili)'!$G$2:$G$763,'Ham Veri (Kategorili)'!$F$2:$F$763,"Bilinirlik - Kurumsal (ÖSS-TSS)")/30 | F36: =SUMIFS('Ham Veri (Kategorili)'!$G$2:$G$763,'Ham Veri (Kategorili)'!$F$2:$F$763,"Bilinirlik - Kurumsal (ÖSS-TSS)")/26
B37: Bilinirlik - Gebe/Doğum | C37: =SUMIFS('Ham Veri (Kategorili)'!$G$2:$G$763,'Ham Veri (Kategorili)'!$F$2:$F$763,"Bilinirlik - Gebe/Doğum") | D37: =SUMIFS('Ham Veri (Kategorili)'!$G$2:$G$763,'Ham Veri (Kategorili)'!$F$2:$F$763,"Bilinirlik - Gebe/Doğum")/SUM('Ham Veri (Kategorili)'!$G$2:$G$763) | E37: =SUMIFS('Ham Veri (Kategorili)'!$G$2:$G$763,'Ham Veri (Kategorili)'!$F$2:$F$763,"Bilinirlik - Gebe/Doğum")/30 | F37: =SUMIFS('Ham Veri (Kategorili)'!$G$2:$G$763,'Ham Veri (Kategorili)'!$F$2:$F$763,"Bilinirlik - Gebe/Doğum")/26
B38: TOPLAM | C38: =SUM(C35:C37) | D38: =SUM(D35:D37) | E38: =SUM(E35:E37) | F38: =SUM(F35:F37)

Sheet 3. Kampanya Detayı
A1: Ana Kategori | B1: Amaç | C1: Alt Kategori | D1: Sayfa | E1: Kampanya | F1: Harcama (TL) | G1: Pay % | H1: Aktif Gün | I1: Günlük Ort. | J1: Toplam Sonuç
A2: Hastane (Kurumsal) | B2: Lead Toplama (Form) | C2: Lead - Kadın Doğum/Gebe/FTR | D2: Doruk Hastaneleri | E2: Gebe-Doğum Form Kampanyası | F2: 173818.84 | G2: =F2/SUM($F$2:$F$59) | H2: 26 | I2: =F2/H2 | J2: 545
A3: Hastane (Kurumsal) | B3: Marka Bilinirliği (Erişim) | C3: Bilinirlik - Doktor Tanıtım | D3: Doruk Hastaneleri | E3: Doktor - Bilinirlik Kampanyası - Nilüfer | F3: 132923.79 | G3: =F3/SUM($F$2:$F$59) | H3: 26 | I3: =F3/H3 | J3: 11264434
A4: Hastane (Kurumsal) | B4: Lead Toplama (Form) | C4: Lead - Kadın Doğum/Gebe/FTR | D4: Doruk Hastaneleri | E4: FTR Yatılı - lead | F4: 97495.28 | G4: =F4/SUM($F$2:$F$59) | H4: 26 | I4: =F4/H4 | J4: 144
A5: Hastane (Kurumsal) | B5: Instagram Öne Çıkarma | C5: Öne Çıkarma - Doruk Hastaneleri | D5: Doruk Hastaneleri | E5: Instagram gönderisi: Bir sezon boyunca ortaya... | F5: 93455.9 | G5: =F5/SUM($F$2:$F$59) | H5: 26 | I5: =F5/H5 | J5: 19050
A6: Estetik Marka | B6: Lead Toplama (Form) | C6: Lead - Estetik/Plastik/Saç | D6: Doruk Estetik & Saç Ekimi | E6: ABO / Medikal Estetik lead / 16.04.2026 | F6: 60093.26 | G6: =F6/SUM($F$2:$F$59) | H6: 26 | I6: =F6/H6 | J6: 518
A7: Hastane (Kurumsal) | B7: Instagram Öne Çıkarma | C7: Öne Çıkarma - Doruk Hastaneleri | D7: Doruk Hastaneleri | E7: Instagram gönderisi: Doruk Sağlık Grubu olarak,... | F7: 46303.32 | G7: =F7/SUM($F$2:$F$59) | H7: 19 | I7: =F7/H7 | J7: 10830
A8: Hastane (Kurumsal) | B8: Marka Bilinirliği (Erişim) | C8: Bilinirlik - Kurumsal (ÖSS-TSS) | D8: Doruk Hastaneleri | E8: ÖSS-TSS - marka bilinirliği | F8: 46163.29 | G8: =F8/SUM($F$2:$F$59) | H8: 26 | I8: =F8/H8 | J8: 3127678
A9: Hastane (Kurumsal) | B9: Lead Toplama (Form) | C9: Lead - İK/İş Başvurusu | D9: Doruk Hastaneleri | E9: Hemşire İş Başvuru - lead | F9: 24219.27 | G9: =F9/SUM($F$2:$F$59) | H9: 26 | I9: =F9/H9 | J9: 65
A10: Hastane (Kurumsal) | B10: Lead Toplama (Form) | C10: Lead - İK/İş Başvurusu | D10: Doruk Hastaneleri | E10: Uzman Hekim Başvuru | F10: 23972.09 | G10: =F10/SUM($F$2:$F$59) | H10: 26 | I10: =F10/H10 | J10: 118
A11: Hastane (Kurumsal) | B11: Marka Bilinirliği (Erişim) | C11: Bilinirlik - Gebe/Doğum | D11: Doruk Hastaneleri | E11: Gebe-Doğum Bilinirlik | F11: 23489.82 | G11: =F11/SUM($F$2:$F$59) | H11: 26 | I11: =F11/H11 | J11: 2222938
A12: Hastane (Kurumsal) | B12: Lead Toplama (Form) | C12: Lead - Check-up/Tarama | D12: Doruk Hastaneleri | E12: Checkup - genel - lead | F12: 23129.44 | G12: =F12/SUM($F$2:$F$59) | H12: 26 | I12: =F12/H12 | J12: 53
A13: Hastane (Kurumsal) | B13: Lead Toplama (Form) | C13: Lead - Estetik/Plastik/Saç | D13: Doruk Hastaneleri | E13: CBO / Saç Ekimi - lead / soğuk | F13: 21956.72 | G13: =F13/SUM($F$2:$F$59) | H13: 26 | I13: =F13/H13 | J13: 35
... A59: Doktor Sayfaları | B59: Instagram Öne Çıkarma | C59: Öne Çıkarma - Doktor | D59: Op.Dr. Abdullah ERTAŞ | E59: Instagram gönderisi: 🦴 Omurga Kırıklarında Asıl... | F59: 336.23 | G59: =F59/SUM($F$2:$F$59) | H59: 1 | I59: =F59/H59 | J59: 81
E60: TOPLAM | F60: =SUM(F2:F59) | G60: =SUM(G2:G59)

Sheet 4. 60 Bin TL Dağıtımı
B2: GÜNLÜK 60.000 TL SENARYOSU — Aynı Oranlarda Dağıtım
B3: Geçmiş 30 günlük harcama oranları korunarak, günlük bütçe aşağıdaki "Günlük Bütçe" hücresine göre dağıtılır.
B5: Günlük Bütçe (TL) → | C5: 60000 | D5: ← değiştirin, tüm tablo güncellenir
B6: Aylık Gün Sayısı → | C6: 30
B8: A) ANA KATEGORİYE GÖRE (Hastane / Marka / Doktor)
B9: Kategori | C9: Geçmiş Pay % | D9: Günlük Tutar (TL) | E9: Aylık Tutar (TL)
B10: Hastane (Kurumsal) | C10: =(SUMIFS('Ham Veri (Kategorili)'!$G$2:$G$763,'Ham Veri (Kategorili)'!$D$2:$D$763,"Hastane (Kurumsal)")/SUM('Ham Veri (Kategorili)'!$G$2:$G$763)) | D10: =(SUMIFS('Ham Veri (Kategorili)'!$G$2:$G$763,'Ham Veri (Kategorili)'!$D$2:$D$763,"Hastane (Kurumsal)")/SUM('Ham Veri (Kategorili)'!$G$2:$G$763))*$C$5 | E10: =D10*$C$6
B11: Estetik Marka | C11: =(SUMIFS('Ham Veri (Kategorili)'!$G$2:$G$763,'Ham Veri (Kategorili)'!$D$2:$D$763,"Estetik Marka")/SUM('Ham Veri (Kategorili)'!$G$2:$G$763)) | D11: =(SUMIFS('Ham Veri (Kategorili)'!$G$2:$G$763,'Ham Veri (Kategorili)'!$D$2:$D$763,"Estetik Marka")/SUM('Ham Veri (Kategorili)'!$G$2:$G$763))*$C$5 | E11: =D11*$C$6
B12: Doktor Sayfaları | C12: =(SUMIFS('Ham Veri (Kategorili)'!$G$2:$G$763,'Ham Veri (Kategorili)'!$D$2:$D$763,"Doktor Sayfaları")/SUM('Ham Veri (Kategorili)'!$G$2:$G$763)) | D12: =(SUMIFS('Ham Veri (Kategorili)'!$G$2:$G$763,'Ham Veri (Kategorili)'!$D$2:$D$763,"Doktor Sayfaları")/SUM('Ham Veri (Kategorili)'!$G$2:$G$763))*$C$5 | E12: =D12*$C$6
B13: TOPLAM | C13: =SUM(C10:C12) | D13: =SUM(D10:D12) | E13: =SUM(E10:E12)
B15: B) KAMPANYA AMACINA GÖRE (Lead / Öne Çıkarma / Bilinirlik)
B16: Kategori | C16: Geçmiş Pay % | D16: Günlük Tutar (TL) | E16: Aylık Tutar (TL)
B17: Lead Toplama (Form) | C17: =(SUMIFS('Ham Veri (Kategorili)'!$G$2:$G$763,'Ham Veri (Kategorili)'!$E$2:$E$763,"Lead Toplama (Form)")/SUM('Ham Veri (Kategorili)'!$G$2:$G$763)) | D17: =(SUMIFS('Ham Veri (Kategorili)'!$G$2:$G$763,'Ham Veri (Kategorili)'!$E$2:$E$763,"Lead Toplama (Form)")/SUM('Ham Veri (Kategorili)'!$G$2:$G$763))*$C$5 | E17: =D17*$C$6
B18: Instagram Öne Çıkarma | C18: =(SUMIFS('Ham Veri (Kategorili)'!$G$2:$G$763,'Ham Veri (Kategorili)'!$E$2:$E$763,"Instagram Öne Çıkarma")/SUM('Ham Veri (Kategorili)'!$G$2:$G$763)) | D18: =(SUMIFS('Ham Veri (Kategorili)'!$G$2:$G$763,'Ham Veri (Kategorili)'!$E$2:$E$763,"Instagram Öne Çıkarma")/SUM('Ham Veri (Kategorili)'!$G$2:$G$763))*$C$5 | E18: =D18*$C$6
B19: Marka Bilinirliği (Erişim) | C19: =(SUMIFS('Ham Veri (Kategorili)'!$G$2:$G$763,'Ham Veri (Kategorili)'!$E$2:$E$763,"Marka Bilinirliği (Erişim)")/SUM('Ham Veri (Kategorili)'!$G$2:$G$763)) | D19: =(SUMIFS('Ham Veri (Kategorili)'!$G$2:$G$763,'Ham Veri (Kategorili)'!$E$2:$E$763,"Marka Bilinirliği (Erişim)")/SUM('Ham Veri (Kategorili)'!$G$2:$G$763))*$C$5 | E19: =D19*$C$6
B20: TOPLAM | C20: =SUM(C17:C19) | D20: =SUM(D17:D19) | E20: =SUM(E17:E19)
B22: C) DETAYLI ALT KATEGORİLERE GÖRE (Tam Kırılım)
B23: Kategori | C23: Geçmiş Pay % | D23: Günlük Tutar (TL) | E23: Aylık Tutar (TL)
B24: Lead - Kadın Doğum/Gebe/FTR | C24: =(SUMIFS('Ham Veri (Kategorili)'!$G$2:$G$763,'Ham Veri (Kategorili)'!$F$2:$F$763,"Lead - Kadın Doğum/Gebe/FTR")/SUM('Ham Veri (Kategorili)'!$G$2:$G$763)) | D24: =(SUMIFS('Ham Veri (Kategorili)'!$G$2:$G$763,'Ham Veri (Kategorili)'!$F$2:$F$763,"Lead - Kadın Doğum/Gebe/FTR")/SUM('Ham Veri (Kategorili)'!$G$2:$G$763))*$C$5 | E24: =D24*$C$6
B25: Lead - Estetik/Plastik/Saç | C25: =(SUMIFS('Ham Veri (Kategorili)'!$G$2:$G$763,'Ham Veri (Kategorili)'!$F$2:$F$763,"Lead - Estetik/Plastik/Saç")/SUM('Ham Veri (Kategorili)'!$G$2:$G$763)) | D25: =(SUMIFS('Ham Veri (Kategorili)'!$G$2:$G$763,'Ham Veri (Kategorili)'!$F$2:$F$763,"Lead - Estetik/Plastik/Saç")/SUM('Ham Veri (Kategorili)'!$G$2:$G$763))*$C$5 | E25: =D25*$C$6
B26: Lead - Check-up/Tarama | C26: =(SUMIFS('Ham Veri (Kategorili)'!$G$2:$G$763,'Ham Veri (Kategorili)'!$F$2:$F$763,"Lead - Check-up/Tarama")/SUM('Ham Veri (Kategorili)'!$G$2:$G$763)) | D26: =(SUMIFS('Ham Veri (Kategorili)'!$G$2:$G$763,'Ham Veri (Kategorili)'!$F$2:$F$763,"Lead - Check-up/Tarama")/SUM('Ham Veri (Kategorili)'!$G$2:$G$763))*$C$5 | E26: =D26*$C$6
B27: Lead - İK/İş Başvurusu | C27: =(SUMIFS('Ham Veri (Kategorili)'!$G$2:$G$763,'Ham Veri (Kategorili)'!$F$2:$F$763,"Lead - İK/İş Başvurusu")/SUM('Ham Veri (Kategorili)'!$G$2:$G$763)) | D27: =(SUMIFS('Ham Veri (Kategorili)'!$G$2:$G$763,'Ham Veri (Kategorili)'!$F$2:$F$763,"Lead - İK/İş Başvurusu")/SUM('Ham Veri (Kategorili)'!$G$2:$G$763))*$C$5 | E27: =D27*$C$6
B28: Öne Çıkarma - Doruk Hastaneleri | C28: =(SUMIFS('Ham Veri (Kategorili)'!$G$2:$G$763,'Ham Veri (Kategorili)'!$F$2:$F$763,"Öne Çıkarma - Doruk Hastaneleri")/SUM('Ham Veri (Kategorili)'!$G$2:$G$763)) | D28: =(SUMIFS('Ham Veri (Kategorili)'!$G$2:$G$763,'Ham Veri (Kategorili)'!$F$2:$F$763,"Öne Çıkarma - Doruk Hastaneleri")/SUM('Ham Veri (Kategorili)'!$G$2:$G$763))*$C$5 | E28: =D28*$C$6
B29: Öne Çıkarma - Doktor | C29: =(SUMIFS('Ham Veri (Kategorili)'!$G$2:$G$763,'Ham Veri (Kategorili)'!$F$2:$F$763,"Öne Çıkarma - Doktor")/SUM('Ham Veri (Kategorili)'!$G$2:$G$763)) | D29: =(SUMIFS('Ham Veri (Kategorili)'!$G$2:$G$763,'Ham Veri (Kategorili)'!$F$2:$F$763,"Öne Çıkarma - Doktor")/SUM('Ham Veri (Kategorili)'!$G$2:$G$763))*$C$5 | E29: =D29*$C$6
B30: Öne Çıkarma - Doruk Estetik | C30: =(SUMIFS('Ham Veri (Kategorili)'!$G$2:$G$763,'Ham Veri (Kategorili)'!$F$2:$F$763,"Öne Çıkarma - Doruk Estetik")/SUM('Ham Veri (Kategorili)'!$G$2:$G$763)) | D30: =(SUMIFS('Ham Veri (Kategorili)'!$G$2:$G$763,'Ham Veri (Kategorili)'!$F$2:$F$763,"Öne Çıkarma - Doruk Estetik")/SUM('Ham Veri (Kategorili)'!$G$2:$G$763))*$C$5 | E30: =D30*$C$6
B31: Bilinirlik - Doktor Tanıtım | C31: =(SUMIFS('Ham Veri (Kategorili)'!$G$2:$G$763,'Ham Veri (Kategorili)'!$F$2:$F$763,"Bilinirlik - Doktor Tanıtım")/SUM('Ham Veri (Kategorili)'!$G$2:$G$763)) | D31: =(SUMIFS('Ham Veri (Kategorili)'!$G$2:$G$763,'Ham Veri (Kategorili)'!$F$2:$F$763,"Bilinirlik - Doktor Tanıtım")/SUM('Ham Veri (Kategorili)'!$G$2:$G$763))*$C$5 | E31: =D31*$C$6
B32: Bilinirlik - Kurumsal (ÖSS-TSS) | C32: =(SUMIFS('Ham Veri (Kategorili)'!$G$2:$G$763,'Ham Veri (Kategorili)'!$F$2:$F$763,"Bilinirlik - Kurumsal (ÖSS-TSS)")/SUM('Ham Veri (Kategorili)'!$G$2:$G$763)) | D32: =(SUMIFS('Ham Veri (Kategorili)'!$G$2:$G$763,'Ham Veri (Kategorili)'!$F$2:$F$763,"Bilinirlik - Kurumsal (ÖSS-TSS)")/SUM('Ham Veri (Kategorili)'!$G$2:$G$763))*$C$5 | E32: =D32*$C$6
B33: Bilinirlik - Gebe/Doğum | C33: =(SUMIFS('Ham Veri (Kategorili)'!$G$2:$G$763,'Ham Veri (Kategorili)'!$F$2:$F$763,"Bilinirlik - Gebe/Doğum")/SUM('Ham Veri (Kategorili)'!$G$2:$G$763)) | D33: =(SUMIFS('Ham Veri (Kategorili)'!$G$2:$G$763,'Ham Veri (Kategorili)'!$F$2:$F$763,"Bilinirlik - Gebe/Doğum")/SUM('Ham Veri (Kategorili)'!$G$2:$G$763))*$C$5 | E33: =D33*$C$6
B34: TOPLAM | C34: =SUM(C24:C33) | D34: =SUM(D24:D33) | E34: =SUM(E24:E33)
B36: Not: Yüzdeler 23 Haz–22 Tem 2026 gerçekleşen harcamalardan otomatik hesaplanır. Sarı hücreleri değiştirerek farklı bütçe/gün senaryoları görebilirsiniz.

Sheet 5. Sayfa x Amaç Matrisi
B2: SAYFA KATEGORİSİ × KAMPANYA AMACI MATRİSİ
B3: Her sayfa kategorisinin altında amaçlar; tutar + oran + günlük 60.000 TL karşılığı. (Genel% = toplam içindeki pay, Sayfa-İçi% = o sayfanın kendi içindeki pay)
B5: Günlük Bütçe (TL) → | D5: 60000
B7: Sayfa Kategorisi | C7: Amaç | D7: Harcama 30g (TL) | E7: Genel % | F7: Sayfa-İçi % | G7: Günlük (60K) | H7: Aylık (60K)
B8: Hastane (Kurumsal) | C8: Lead Toplama (Form) | D8: =SUMIFS('Ham Veri (Kategorili)'!$G$2:$G$763,'Ham Veri (Kategorili)'!$D$2:$D$763,"Hastane (Kurumsal)",'Ham Veri (Kategorili)'!$E$2:$E$763,"Lead Toplama (Form)") | E8: =SUMIFS('Ham Veri (Kategorili)'!$G$2:$G$763,'Ham Veri (Kategorili)'!$D$2:$D$763,"Hastane (Kurumsal)",'Ham Veri (Kategorili)'!$E$2:$E$763,"Lead Toplama (Form)")/SUM('Ham Veri (Kategorili)'!$G$2:$G$763) | F8: =SUMIFS('Ham Veri (Kategorili)'!$G$2:$G$763,'Ham Veri (Kategorili)'!$D$2:$D$763,"Hastane (Kurumsal)",'Ham Veri (Kategorili)'!$E$2:$E$763,"Lead Toplama (Form)")/SUMIFS('Ham Veri (Kategorili)'!$G$2:$G$763,'Ham Veri (Kategorili)'!$D$2:$D$763,"Hastane (Kurumsal)") | G8: =(SUMIFS('Ham Veri (Kategorili)'!$G$2:$G$763,'Ham Veri (Kategorili)'!$D$2:$D$763,"Hastane (Kurumsal)",'Ham Veri (Kategorili)'!$E$2:$E$763,"Lead Toplama (Form)")/SUM('Ham Veri (Kategorili)'!$G$2:$G$763))*$D$5 | H8: =G8*30
C9: Instagram Öne Çıkarma | D9: =SUMIFS('Ham Veri (Kategorili)'!$G$2:$G$763,'Ham Veri (Kategorili)'!$D$2:$D$763,"Hastane (Kurumsal)",'Ham Veri (Kategorili)'!$E$2:$E$763,"Instagram Öne Çıkarma") | E9: =SUMIFS('Ham Veri (Kategorili)'!$G$2:$G$763,'Ham Veri (Kategorili)'!$D$2:$D$763,"Hastane (Kurumsal)",'Ham Veri (Kategorili)'!$E$2:$E$763,"Instagram Öne Çıkarma")/SUM('Ham Veri (Kategorili)'!$G$2:$G$763) | F9: =SUMIFS('Ham Veri (Kategorili)'!$G$2:$G$763,'Ham Veri (Kategorili)'!$D$2:$D$763,"Hastane (Kurumsal)",'Ham Veri (Kategorili)'!$E$2:$E$763,"Instagram Öne Çıkarma")/SUMIFS('Ham Veri (Kategorili)'!$G$2:$G$763,'Ham Veri (Kategorili)'!$D$2:$D$763,"Hastane (Kurumsal)") | G9: =(SUMIFS('Ham Veri (Kategorili)'!$G$2:$G$763,'Ham Veri (Kategorili)'!$D$2:$D$763,"Hastane (Kurumsal)",'Ham Veri (Kategorili)'!$E$2:$E$763,"Instagram Öne Çıkarma")/SUM('Ham Veri (Kategorili)'!$G$2:$G$763))*$D$5 | H9: =G9*30
C10: Marka Bilinirliği (Erişim) | D10: =SUMIFS('Ham Veri (Kategorili)'!$G$2:$G$763,'Ham Veri (Kategorili)'!$D$2:$D$763,"Hastane (Kurumsal)",'Ham Veri (Kategorili)'!$E$2:$E$763,"Marka Bilinirliği (Erişim)") | E10: =SUMIFS('Ham Veri (Kategorili)'!$G$2:$G$763,'Ham Veri (Kategorili)'!$D$2:$D$763,"Hastane (Kurumsal)",'Ham Veri (Kategorili)'!$E$2:$E$763,"Marka Bilinirliği (Erişim)")/SUM('Ham Veri (Kategorili)'!$G$2:$G$763) | F10: =SUMIFS('Ham Veri (Kategorili)'!$G$2:$G$763,'Ham Veri (Kategorili)'!$D$2:$D$763,"Hastane (Kurumsal)",'Ham Veri (Kategorili)'!$E$2:$E$763,"Marka Bilinirliği (Erişim)")/SUMIFS('Ham Veri (Kategorili)'!$G$2:$G$763,'Ham Veri (Kategorili)'!$D$2:$D$763,"Hastane (Kurumsal)") | G10: =(SUMIFS('Ham Veri (Kategorili)'!$G$2:$G$763,'Ham Veri (Kategorili)'!$D$2:$D$763,"Hastane (Kurumsal)",'Ham Veri (Kategorili)'!$E$2:$E$763,"Marka Bilinirliği (Erişim)")/SUM('Ham Veri (Kategorili)'!$G$2:$G$763))*$D$5 | H10: =G10*30
C11: — ALT TOPLAM | D11: =SUM(D8:D10) | E11: =SUM(E8:E10) | F11: =SUM(F8:F10) | G11: =SUM(G8:G10) | H11: =SUM(H8:H10)
B12: Estetik Marka | C12: Lead Toplama (Form) | D12: =SUMIFS('Ham Veri (Kategorili)'!$G$2:$G$763,'Ham Veri (Kategorili)'!$D$2:$D$763,"Estetik Marka",'Ham Veri (Kategorili)'!$E$2:$E$763,"Lead Toplama (Form)") | E12: =SUMIFS('Ham Veri (Kategorili)'!$G$2:$G$763,'Ham Veri (Kategorili)'!$D$2:$D$763,"Estetik Marka",'Ham Veri (Kategorili)'!$E$2:$E$763,"Lead Toplama (Form)")/SUM('Ham Veri (Kategorili)'!$G$2:$G$763) | F12: =SUMIFS('Ham Veri (Kategorili)'!$G$2:$G$763,'Ham Veri (Kategorili)'!$D$2:$D$763,"Estetik Marka",'Ham Veri (Kategorili)'!$E$2:$E$763,"Lead Toplama (Form)")/SUMIFS('Ham Veri (Kategorili)'!$G$2:$G$763,'Ham Veri (Kategorili)'!$D$2:$D$763,"Estetik Marka") | G12: =(SUMIFS('Ham Veri (Kategorili)'!$G$2:$G$763,'Ham Veri (Kategorili)'!$D$2:$D$763,"Estetik Marka",'Ham Veri (Kategorili)'!$E$2:$E$763,"Lead Toplama (Form)")/SUM('Ham Veri (Kategorili)'!$G$2:$G$763))*$D$5 | H12: =G12*30
C13: Instagram Öne Çıkarma | D13: =SUMIFS('Ham Veri (Kategorili)'!$G$2:$G$763,'Ham Veri (Kategorili)'!$D$2:$D$763,"Estetik Marka",'Ham Veri (Kategorili)'!$E$2:$E$763,"Instagram Öne Çıkarma") | E13: =SUMIFS('Ham Veri (Kategorili)'!$G$2:$G$763,'Ham Veri (Kategorili)'!$D$2:$D$763,"Estetik Marka",'Ham Veri (Kategorili)'!$E$2:$E$763,"Instagram Öne Çıkarma")/SUM('Ham Veri (Kategorili)'!$G$2:$G$763) | F13: =SUMIFS('Ham Veri (Kategorili)'!$G$2:$G$763,'Ham Veri (Kategorili)'!$D$2:$D$763,"Estetik Marka",'Ham Veri (Kategorili)'!$E$2:$E$763,"Instagram Öne Çıkarma")/SUMIFS('Ham Veri (Kategorili)'!$G$2:$G$763,'Ham Veri (Kategorili)'!$D$2:$D$763,"Estetik Marka") | G13: =(SUMIFS('Ham Veri (Kategorili)'!$G$2:$G$763,'Ham Veri (Kategorili)'!$D$2:$D$763,"Estetik Marka",'Ham Veri (Kategorili)'!$E$2:$E$763,"Instagram Öne Çıkarma")/SUM('Ham Veri (Kategorili)'!$G$2:$G$763))*$D$5 | H13: =G13*30
C14: — ALT TOPLAM | D14: =SUM(D12:D13) | E14: =SUM(E12:E13) | F14: =SUM(F12:F13) | G14: =SUM(G12:G13) | H14: =SUM(H12:H13)
B15: Doktor Sayfaları | C15: Instagram Öne Çıkarma | D15: =SUMIFS('Ham Veri (Kategorili)'!$G$2:$G$763,'Ham Veri (Kategorili)'!$D$2:$D$763,"Doktor Sayfaları",'Ham Veri (Kategorili)'!$E$2:$E$763,"Instagram Öne Çıkarma") | E15: =SUMIFS('Ham Veri (Kategorili)'!$G$2:$G$763,'Ham Veri (Kategorili)'!$D$2:$D$763,"Doktor Sayfaları",'Ham Veri (Kategorili)'!$E$2:$E$763,"Instagram Öne Çıkarma")/SUM('Ham Veri (Kategorili)'!$G$2:$G$763) | F15: =SUMIFS('Ham Veri (Kategorili)'!$G$2:$G$763,'Ham Veri (Kategorili)'!$D$2:$D$763,"Doktor Sayfaları",'Ham Veri (Kategorili)'!$E$2:$E$763,"Instagram Öne Çıkarma")/SUMIFS('Ham Veri (Kategorili)'!$G$2:$G$763,'Ham Veri (Kategorili)'!$D$2:$D$763,"Doktor Sayfaları") | G15: =(SUMIFS('Ham Veri (Kategorili)'!$G$2:$G$763,'Ham Veri (Kategorili)'!$D$2:$D$763,"Doktor Sayfaları",'Ham Veri (Kategorili)'!$E$2:$E$763,"Instagram Öne Çıkarma")/SUM('Ham Veri (Kategorili)'!$G$2:$G$763))*$D$5 | H15: =G15*30
C16: — ALT TOPLAM | D16: =SUM(D15:D15) | E16: =SUM(E15:E15) | F16: =SUM(F15:F15) | G16: =SUM(G15:G15) | H16: =SUM(H15:H15)
B17: GENEL TOPLAM | D17: =SUM('Ham Veri (Kategorili)'!$G$2:$G$763) | E17: =SUM('Ham Veri (Kategorili)'!$G$2:$G$763)/SUM('Ham Veri (Kategorili)'!$G$2:$G$763) | G17: =$D$5 | H17: =$D$5*30

Sheet 6. Doktor Artış Senaryoları
B2: GÜNLÜK 60.000 TL — DOKTOR ARTIŞ SENARYOLARI
B3: Baz 60.000 TL dağılımı aynı oranlarda korunur; ek bütçe YALNIZCA doktor sayfalarına, üstüne eklenir. Diğer kalemler sabit kalır.
B5: Baz Günlük Bütçe (TL) → | C5: 60000
B6: Senaryo 2 — Doktora Ek (TL) → | C6: 10000
B7: Senaryo 3 — Doktora Ek (TL) → | C7: 20000
B9: GÜNLÜK DAĞILIM (TL/gün)
B10: Sayfa Kategorisi | C10: Senaryo 1 (Baz 60K) | D10: Senaryo 2 (+10K Doktor) | E10: Senaryo 3 (+20K Doktor)
B11: Hastane (Kurumsal) | C11: =(SUMIFS('Ham Veri (Kategorili)'!$G$2:$G$763,'Ham Veri (Kategorili)'!$D$2:$D$763,"Hastane (Kurumsal)")/SUM('Ham Veri (Kategorili)'!$G$2:$G$763))*$C$5 | D11: =(SUMIFS('Ham Veri (Kategorili)'!$G$2:$G$763,'Ham Veri (Kategorili)'!$D$2:$D$763,"Hastane (Kurumsal)")/SUM('Ham Veri (Kategorili)'!$G$2:$G$763))*$C$5 | E11: =(SUMIFS('Ham Veri (Kategorili)'!$G$2:$G$763,'Ham Veri (Kategorili)'!$D$2:$D$763,"Hastane (Kurumsal)")/SUM('Ham Veri (Kategorili)'!$G$2:$G$763))*$C$5
B12: Estetik Marka | C12: =(SUMIFS('Ham Veri (Kategorili)'!$G$2:$G$763,'Ham Veri (Kategorili)'!$D$2:$D$763,"Estetik Marka")/SUM('Ham Veri (Kategorili)'!$G$2:$G$763))*$C$5 | D12: =(SUMIFS('Ham Veri (Kategorili)'!$G$2:$G$763,'Ham Veri (Kategorili)'!$D$2:$D$763,"Estetik Marka")/SUM('Ham Veri (Kategorili)'!$G$2:$G$763))*$C$5 | E12: =(SUMIFS('Ham Veri (Kategorili)'!$G$2:$G$763,'Ham Veri (Kategorili)'!$D$2:$D$763,"Estetik Marka")/SUM('Ham Veri (Kategorili)'!$G$2:$G$763))*$C$5
B13: Doktor Sayfaları | C13: =(SUMIFS('Ham Veri (Kategorili)'!$G$2:$G$763,'Ham Veri (Kategorili)'!$D$2:$D$763,"Doktor Sayfaları")/SUM('Ham Veri (Kategorili)'!$G$2:$G$763))*$C$5 | D13: =(SUMIFS('Ham Veri (Kategorili)'!$G$2:$G$763,'Ham Veri (Kategorili)'!$D$2:$D$763,"Doktor Sayfaları")/SUM('Ham Veri (Kategorili)'!$G$2:$G$763))*$C$5+$C$6 | E13: =(SUMIFS('Ham Veri (Kategorili)'!$G$2:$G$763,'Ham Veri (Kategorili)'!$D$2:$D$763,"Doktor Sayfaları")/SUM('Ham Veri (Kategorili)'!$G$2:$G$763))*$C$5+$C$7
B14: GÜNLÜK TOPLAM | C14: =SUM(C11:C13) | D14: =SUM(D11:D13) | E14: =SUM(E11:E13)
B15: → Doktor payı (% toplam) | C15: =C13/C14 | D15: =D13/D14 | E15: =E13/E14
B17: AYLIK DAĞILIM (TL/ay = günlük × 30)
B18: Sayfa Kategorisi | C18: Senaryo 1 (Baz 60K) | D18: Senaryo 2 (+10K Doktor) | E18: Senaryo 3 (+20K Doktor)
B19: Hastane (Kurumsal) | C19: =C11*30 | D19: =D11*30 | E19: =E11*30
B20: Estetik Marka | C20: =C12*30 | D20: =D12*30 | E20: =E12*30
B21: Doktor Sayfaları | C21: =C13*30 | D21: =D13*30 | E21: =E13*30
B22: AYLIK TOPLAM | C22: =SUM(C19:C21) | D22: =SUM(D19:D21) | E22: =SUM(E19:E21)
B24: DOKTOR BAZINDA GÜNLÜK (ek, geçmiş paya göre 4 doktora bölünür)
B25: Doktor | C25: Senaryo 1 (Baz) | D25: Senaryo 2 (+10K) | E25: Senaryo 3 (+20K)
B26: Op.Dr. Abdullah ERTAŞ | C26: =(SUMIFS('Ham Veri (Kategorili)'!$G$2:$G$763,'Ham Veri (Kategorili)'!$A$2:$A$763,"Op.Dr. Abdullah ERTAŞ")/SUMIFS('Ham Veri (Kategorili)'!$G$2:$G$763,'Ham Veri (Kategorili)'!$D$2:$D$763,"Doktor Sayfaları"))*((SUMIFS('Ham Veri (Kategorili)'!$G$2:$G$763,'Ham Veri (Kategorili)'!$D$2:$D$763,"Doktor Sayfaları")/SUM('Ham Veri (Kategorili)'!$G$2:$G$763))*$C$5) | D26: =(SUMIFS('Ham Veri (Kategorili)'!$G$2:$G$763,'Ham Veri (Kategorili)'!$A$2:$A$763,"Op.Dr. Abdullah ERTAŞ")/SUMIFS('Ham Veri (Kategorili)'!$G$2:$G$763,'Ham Veri (Kategorili)'!$D$2:$D$763,"Doktor Sayfaları"))*((SUMIFS('Ham Veri (Kategorili)'!$G$2:$G$763,'Ham Veri (Kategorili)'!$D$2:$D$763,"Doktor Sayfaları")/SUM('Ham Veri (Kategorili)'!$G$2:$G$763))*$C$5+$C$6) | E26: =(SUMIFS('Ham Veri (Kategorili)'!$G$2:$G$763,'Ham Veri (Kategorili)'!$A$2:$A$763,"Op.Dr. Abdullah ERTAŞ")/SUMIFS('Ham Veri (Kategorili)'!$G$2:$G$763,'Ham Veri (Kategorili)'!$D$2:$D$763,"Doktor Sayfaları"))*((SUMIFS('Ham Veri (Kategorili)'!$G$2:$G$763,'Ham Veri (Kategorili)'!$D$2:$D$763,"Doktor Sayfaları")/SUM('Ham Veri (Kategorili)'!$G$2:$G$763))*$C$5+$C$7)
B27: Op. Dr. Emre Çaycı | C27: =(SUMIFS('Ham Veri (Kategorili)'!$G$2:$G$763,'Ham Veri (Kategorili)'!$A$2:$A$763,"Op. Dr. Emre Çaycı")/SUMIFS('Ham Veri (Kategorili)'!$G$2:$G$763,'Ham Veri (Kategorili)'!$D$2:$D$763,"Doktor Sayfaları"))*((SUMIFS('Ham Veri (Kategorili)'!$G$2:$G$763,'Ham Veri (Kategorili)'!$D$2:$D$763,"Doktor Sayfaları")/SUM('Ham Veri (Kategorili)'!$G$2:$G$763))*$C$5) | D27: =(SUMIFS('Ham Veri (Kategorili)'!$G$2:$G$763,'Ham Veri (Kategorili)'!$A$2:$A$763,"Op. Dr. Emre Çaycı")/SUMIFS('Ham Veri (Kategorili)'!$G$2:$G$763,'Ham Veri (Kategorili)'!$D$2:$D$763,"Doktor Sayfaları"))*((SUMIFS('Ham Veri (Kategorili)'!$G$2:$G$763,'Ham Veri (Kategorili)'!$D$2:$D$763,"Doktor Sayfaları")/SUM('Ham Veri (Kategorili)'!$G$2:$G$763))*$C$5+$C$6) | E27: =(SUMIFS('Ham Veri (Kategorili)'!$G$2:$G$763,'Ham Veri (Kategorili)'!$A$2:$A$763,"Op. Dr. Emre Çaycı")/SUMIFS('Ham Veri (Kategorili)'!$G$2:$G$763,'Ham Veri (Kategorili)'!$D$2:$D$763,"Doktor Sayfaları"))*((SUMIFS('Ham Veri (Kategorili)'!$G$2:$G$763,'Ham Veri (Kategorili)'!$D$2:$D$763,"Doktor Sayfaları")/SUM('Ham Veri (Kategorili)'!$G$2:$G$763))*$C$5+$C$7)
B28: Op.Dr. Eren Kaya | C28: =(SUMIFS('Ham Veri (Kategorili)'!$G$2:$G$763,'Ham Veri (Kategorili)'!$A$2:$A$763,"Op.Dr. Eren Kaya")/SUMIFS('Ham Veri (Kategorili)'!$G$2:$G$763,'Ham Veri (Kategorili)'!$D$2:$D$763,"Doktor Sayfaları"))*((SUMIFS('Ham Veri (Kategorili)'!$G$2:$G$763,'Ham Veri (Kategorili)'!$D$2:$D$763,"Doktor Sayfaları")/SUM('Ham Veri (Kategorili)'!$G$2:$G$763))*$C$5) | D28: =(SUMIFS('Ham Veri (Kategorili)'!$G$2:$G$763,'Ham Veri (Kategorili)'!$A$2:$A$763,"Op.Dr. Eren Kaya")/SUMIFS('Ham Veri (Kategorili)'!$G$2:$G$763,'Ham Veri (Kategorili)'!$D$2:$D$763,"Doktor Sayfaları"))*((SUMIFS('Ham Veri (Kategorili)'!$G$2:$G$763,'Ham Veri (Kategorili)'!$D$2:$D$763,"Doktor Sayfaları")/SUM('Ham Veri (Kategorili)'!$G$2:$G$763))*$C$5+$C$6) | E28: =(SUMIFS('Ham Veri (Kategorili)'!$G$2:$G$763,'Ham Veri (Kategorili)'!$A$2:$A$763,"Op.Dr. Eren Kaya")/SUMIFS('Ham Veri (Kategorili)'!$G$2:$G$763,'Ham Veri (Kategorili)'!$D$2:$D$763,"Doktor Sayfaları"))*((SUMIFS('Ham Veri (Kategorili)'!$G$2:$G$763,'Ham Veri (Kategorili)'!$D$2:$D$763,"Doktor Sayfaları")/SUM('Ham Veri (Kategorili)'!$G$2:$G$763))*$C$5+$C$7)
B29: Doç.Dr. Selin Aktürk Esen | C29: =(SUMIFS('Ham Veri (Kategorili)'!$G$2:$G$763,'Ham Veri (Kategorili)'!$A$2:$A$763,"Doç.Dr. Selin Aktürk Esen")/SUMIFS('Ham Veri (Kategorili)'!$G$2:$G$763,'Ham Veri (Kategorili)'!$D$2:$D$763,"Doktor Sayfaları"))*((SUMIFS('Ham Veri (Kategorili)'!$G$2:$G$763,'Ham Veri (Kategorili)'!$D$2:$D$763,"Doktor Sayfaları")/SUM('Ham Veri (Kategorili)'!$G$2:$G$763))*$C$5) | D29: =(SUMIFS('Ham Veri (Kategorili)'!$G$2:$G$763,'Ham Veri (Kategorili)'!$A$2:$A$763,"Doç.Dr. Selin Aktürk Esen")/SUMIFS('Ham Veri (Kategorili)'!$G$2:$G$763,'Ham Veri (Kategorili)'!$D$2:$D$763,"Doktor Sayfaları"))*((SUMIFS('Ham Veri (Kategorili)'!$G$2:$G$763,'Ham Veri (Kategorili)'!$D$2:$D$763,"Doktor Sayfaları")/SUM('Ham Veri (Kategorili)'!$G$2:$G$763))*$C$5+$C$6) | E29: =(SUMIFS('Ham Veri (Kategorili)'!$G$2:$G$763,'Ham Veri (Kategorili)'!$A$2:$A$763,"Doç.Dr. Selin Aktürk Esen")/SUMIFS('Ham Veri (Kategorili)'!$G$2:$G$763,'Ham Veri (Kategorili)'!$D$2:$D$763,"Doktor Sayfaları"))*((SUMIFS('Ham Veri (Kategorili)'!$G$2:$G$763,'Ham Veri (Kategorili)'!$D$2:$D$763,"Doktor Sayfaları")/SUM('Ham Veri (Kategorili)'!$G$2:$G$763))*$C$5+$C$7)
B30: DOKTOR TOPLAM | C30: =SUM(C26:C29) | D30: =SUM(D26:D29) | E30: =SUM(E26:E29)
B32: Not: Senaryo 1 = 60.000 TL'nin geçmiş oranlarla dağılımı (doktor payı ≈ %6,2).
B33: Senaryo 2 = Senaryo 1 + doktora ek 10.000 TL → günlük toplam 70.000 TL.
B34: Senaryo 3 = Senaryo 1 + doktora ek 20.000 TL → günlük toplam 80.000 TL.
B35: Hastane ve Estetik kalemleri üç senaryoda da sabittir; yalnızca doktor bütçesi artar.
B36: Sarı hücreleri (baz bütçe / ek tutarlar) değiştirerek kendi senaryolarınızı üretebilirsiniz.

Sheet Ham Veri (Kategorili)
A1: Sayfa Adı | B1: Kampanya Adı | C1: Gün | D1: Ana Kategori | E1: Kampanya Amacı | F1: Alt Kategori | G1: Harcama (TL) | H1: Sonuç Türü | I1: Sonuç | J1: Erişim | K1: Gösterim
A2: Op. Dr. Emre Çaycı | B2: Instagram gönderisi: 👨‍⚕️ Jinekomasti Ameliyatı... | C2: 2026-07-13 | D2: Doktor Sayfaları | E2: Instagram Öne Çıkarma | F2: Öne Çıkarma - Doktor | G2: 1542.27 | H2: Instagram profili ziyaretleri | I2: 1438 | J2: 42542 | K2: 46881
A3: Op. Dr. Emre Çaycı | B3: Instagram gönderisi: 👨‍⚕️ Jinekomasti Ameliyatı... | C3: 2026-07-08 | D3: Doktor Sayfaları | E3: Instagram Öne Çıkarma | F3: Öne Çıkarma - Doktor | G3: 1281.84 | H3: Instagram profili ziyaretleri | I3: 1138 | J3: 29182 | K3: 31027
A4: Op. Dr. Emre Çaycı | B4: Instagram gönderisi: 👨‍⚕️ Jinekomasti Ameliyatı... | C4: 2026-07-10 | D4: Doktor Sayfaları | E4: Instagram Öne Çıkarma | F4: Öne Çıkarma - Doktor | G4: 1281.69 | H4: Instagram profili ziyaretleri | I4: 1232 | J4: 37113 | K4: 38662
A5: Op. Dr. Emre Çaycı | B5: Instagram gönderisi: 💪 Jinekomastide Spor Yeterli... | C5: 2026-06-26 | D5: Doktor Sayfaları | E5: Instagram Öne Çıkarma | F5: Öne Çıkarma - Doktor | G5: 1265.61 | H5: Instagram profili ziyaretleri | I5: 188 | J5: 9385 | K5: 9903
A6: Op. Dr. Emre Çaycı | B6: Instagram gönderisi: 💪 Yağlanma mı, Jinekomasti... | C6: 2026-06-26 | D6: Doktor Sayfaları | E6: Instagram Öne Çıkarma | F6: Öne Çıkarma - Doktor | G6: 1258.54 | H6: Instagram profili ziyaretleri | I6: 245 | J6: 14364 | K6: 15303
A7: Op.Dr. Eren Kaya | B7: Instagram gönderisi: “Erken gebelikte kanama... | C7: 2026-06-26 | D7: Doktor Sayfaları | E7: Instagram Öne Çıkarma | F7: Öne Çıkarma - Doktor | G7: 1258.31 | H7: Instagram profili ziyaretleri | I7: 318 | J7: 15657 | K7: 18009
A8: Op.Dr. Abdullah ERTAŞ | B8: Instagram gönderisi: 🦴 Omurga Kanal Darlığı... | C8: 2026-06-26 | D8: Doktor Sayfaları | E8: Instagram Öne Çıkarma | F8: Öne Çıkarma - Doktor | G8: 1253.68 | H8: Instagram profili ziyaretleri | I8: 269 | J8: 12192 | K8: 12862
A9: Op.Dr. Eren Kaya | B9: Instagram gönderisi: “Rahim alınacaksa... | C9: 2026-06-26 | D9: Doktor Sayfaları | E9: Instagram Öne Çıkarma | F9: Öne Çıkarma - Doktor | G9: 1250.66 | H9: Instagram profili ziyaretleri | I9: 331 | J9: 14113 | K9: 15031
A10: Op.Dr. Abdullah ERTAŞ | B10: Instagram gönderisi: 🧠 Baş Ağrısı İlk Belirti... | C10: 2026-06-26 | D10: Doktor Sayfaları | E10: Instagram Öne Çıkarma | F10: Öne Çıkarma - Doktor | G10: 1240.71 | H10: Instagram profili ziyaretleri | I10: 148 | J10: 12412 | K10: 12747
A11: Doç.Dr. Selin Aktürk Esen | B11: Instagram gönderisi: 🌡️ Kemoterapi Alan... | C11: 2026-06-26 | D11: Doktor Sayfaları | E11: Instagram Öne Çıkarma | F11: Öne Çıkarma - Doktor | G11: 1232.5 | H11: Instagram profili ziyaretleri | I11: 216 | J11: 9065 | K11: 9520
A12: Op.Dr. Abdullah ERTAŞ | B12: Instagram gönderisi: 🦴 Kuyruk Sokumu Ağrısı Neden... | C12: 2026-07-01 | D12: Doktor Sayfaları | E12: Instagram Öne Çıkarma | F12: Öne Çıkarma - Doktor | G12: 1098.92 | H12: Instagram profili ziyaretleri | I12: 282 | J12: 14549 | K12: 15929
A13: Op.Dr. Abdullah ERTAŞ | B13: Instagram gönderisi: 🧠 MR Raporunda Her Yazan... | C13: 2026-07-04 | D13: Doktor Sayfaları | E13: Instagram Öne Çıkarma | F13: Öne Çıkarma - Doktor | G13: 1081.29 | H13: Instagram profili ziyaretleri | I13: 304 | J13: 12301 | K13: 13827
... A347: Doruk Hastaneleri | B347: ABO / Meme Estetiği / plastik cerrahi / lead | C347: 2026-07-18 | D347: Hastane (Kurumsal) | E347: Lead Toplama (Form) | F347: Lead - Estetik/Plastik/Saç | G347: 1193.3 | H347: Potansiyel müşteriler (form) | I347: 1 | J347: 7646 | K347: 10573
A348: Doruk Hastaneleri | B348: CBO / Saç Ekimi - lead / soğuk | C348: 2026-07-18 | D348: Hastane (Kurumsal) | E348: Lead Toplama (Form) | F348: Lead - Estetik/Plastik/Saç | G348: 1190.17 | I348: 0 | J348: 4626 | K348: 7701
A349: Doruk Hastaneleri | B349: ABO / Meme Estetiği / plastik cerrahi / lead | C349: 2026-06-26 | D349: Hastane (Kurumsal) | E349: Lead Toplama (Form) | F349: Lead - Estetik/Plastik/Saç | G349: 1181.48 | H349: Potansiyel müşteriler (form) | I349: 2 | J349: 11760 | K349: 13749
A350: Doruk Hastaneleri | B350: CBO / Saç Ekimi - lead / soğuk | C350: 2026-07-01 | D350: Hastane (Kurumsal) | E350: Lead Toplama (Form) | F350: Lead - Estetik/Plastik/Saç | G350: 1173.95 | H350: Potansiyel müşteriler (form) | I350: 2 | J350: 4340 | K350: 6241
A351: Doruk Hastaneleri | B351: CBO / Saç Ekimi - lead / soğuk | C351: 2026-07-13 | D351: Hastane (Kurumsal) | E351: Lead Toplama (Form) | F351: Lead - Estetik/Plastik/Saç | G351: 1153.21 | H351: Potansiyel müşteriler (form) | I351: 1 | J351: 5661 | K351: 8456
A352: Doruk Hastaneleri | B352: Checkup - genel - lead | C352: 2026-06-28 | D352: Hastane (Kurumsal) | E352: Lead Toplama (Form) | F352: Lead - Check-up/Tarama | G352: 1147.83 | I352: 0 | J352: 7553 | K352: 10200
A353: Doruk Hastaneleri | B353: FTR Yatılı - lead | C353: 2026-07-11 | D353: Hastane (Kurumsal) | E353: Lead Toplama (Form) | F353: Lead - Kadın Doğum/Gebe/FTR | G353: 1144.57 | H353: Potansiyel müşteriler (form) | I353: 1 | J353: 14844 | K353: 15706
A354: Doruk Hastaneleri | B354: Checkup - genel - lead | C354: 2026-07-01 | D354: Hastane (Kurumsal) | E354: Lead Toplama (Form) | F354: Lead - Check-up/Tarama | G354: 1126.55 | H354: Potansiyel müşteriler (form) | I354: 4 | J354: 9017 | K354: 11925
A355: Doruk Hastaneleri | B355: Uzman Hekim Başvuru | C355: 2026-07-01 | D355: Hastane (Kurumsal) | E355: Lead Toplama (Form) | F355: Lead - İK/İş Başvurusu | G355: 1124.46 | H355: Potansiyel müşteriler (form) | I355: 13 | J355: 6961 | K355: 9611
A356: Doruk Hastaneleri | B356: Hemşire İş Başvuru - lead | C356: 2026-07-01 | D356: Hastane (Kurumsal) | E356: Lead Toplama (Form) | F356: Lead - İK/İş Başvurusu | G356: 1124.21 | H356: Potansiyel müşteriler (form) | I356: 2 | J356: 9673 | K356: 16831
A357: Doruk Hastaneleri | B357: CBO / Saç Ekimi - lead / soğuk | C357: 2026-07-08 | D357: Hastane (Kurumsal) | E357: Lead Toplama (Form) | F357: Lead - Estetik/Plastik/Saç | G357: 1124.11 | H357: Potansiyel müşteriler (form) | I357: 4 | J357: 3739 | K357: 6303
A358: Doruk Hastaneleri | B358: CBO / Saç Ekimi - lead / soğuk | C358: 2026-06-28 | D358: Hastane (Kurumsal) | E358: Lead Toplama (Form) | F358: Lead - Estetik/Plastik/Saç | G358: 1116.35 | H358: Potansiyel müşteriler (form) | I358: 1 | J358: 4105 | K358: 6141
A359: Doruk Hastaneleri | B359: ABO / Meme Estetiği / plastik cerrahi / lead | C359: 2026-06-28 | D359: Hastane (Kurumsal) | E359: Lead Toplama (Form) | F359: Lead - Estetik/Plastik/Saç | G359: 1092.75 | H359: Potansiyel müşteriler (form) | I359: 2 | J359: 7271 | K359: 9520
A360: Doruk Hastaneleri | B360: Checkup - genel - lead | C360: 2026-07-02 | D360: Hastane (Kurumsal) | E360: Lead Toplama (Form) | F360: Lead - Check-up/Tarama | G360: 1090.83 | H360: Potansiyel müşteriler (form) | I360: 4 | J360: 7798 | K360: 10128
A361: Doruk Hastaneleri | B361: CBO / Saç Ekimi - lead / soğuk | C361: 2026-06-23 | D361: Hastane (Kurumsal) | E361: Lead Toplama (Form) | F361: Lead - Estetik/Plastik/Saç | G361: 1086.93 | H361: Potansiyel müşteriler (form) | I361: 2 | J361: 4417 | K361: 6132
A362: Doruk Hastaneleri | B362: Hemşire İş Başvuru - lead | C362: 2026-06-28 | D362: Hastane (Kurumsal) | E362: Lead Toplama (Form) | F362: Lead - İK/İş Başvurusu | G362: 1085.97 | H362: Potansiyel müşteriler (form) | I362: 3 | J362: 8503 | K362: 14358
A363: Doruk Hastaneleri | B363: ABO / Meme Estetiği / plastik cerrahi / lead | C363: 2026-07-01 | D363: Hastane (Kurumsal) | E363: Lead Toplama (Form) | F363: Lead - Estetik/Plastik/Saç | G363: 1085.06 | H363: Potansiyel müşteriler (form) | I363: 3 | J363: 7362 | K363: 9835
A364: Doruk Hastaneleri | B364: Uzman Hekim Başvuru | C364: 2026-07-15 | D364: Hastane (Kurumsal) | E364: Lead Toplama (Form) | F364: Lead - İK/İş Başvurusu | G364: 1083.71 | H364: Potansiyel müşteriler (form) | I364: 5 | J364: 6905 | K364: 8499
... A367: Doruk Hastaneleri | B367: Uzman Hekim Başvuru | C367: 2026-06-28 | D367: Hastane (Kurumsal) | E367: Lead Toplama (Form) | F367: Lead - İK/İş Başvurusu | G367: 1068.86 | H367: Potansiyel müşteriler (form) | I367: 5 | J367: 5537 | K367: 7131
A368: Doruk Hastaneleri | B368: CBO / Saç Ekimi - lead / soğuk | C368: 2026-07-02 | D368: Hastane (Kurumsal) | E368: Lead Toplama (Form) | F368: Lead - Estetik/Plastik/Saç | G368: 1064.67 | I368: 0 | J368: 3329 | K368: 5358
A369: Doruk Hastaneleri | B369: ABO / Meme Estetiği / plastik cerrahi / lead | C369: 2026-07-08 | D369: Hastane (Kurumsal) | E369: Lead Toplama (Form) | F369: Lead - Estetik/Plastik/Saç | G369: 1064.24 | H369: Potansiyel müşteriler (form) | I369: 6 | J369: 7955 | K369: 10260
A370: Doruk Hastaneleri | B370: Checkup - genel - lead | C370: 2026-06-23 | D370: Hastane (Kurumsal) | E370: Lead Toplama (Form) | F370: Lead - Check-up/Tarama | G370: 1059.16 | H370: Potansiyel müşteriler (form) | I370: 2 | J370: 7826 | K370: 10134
A371: Doruk Hastaneleri | B371: CBO / Saç Ekimi - lead / soğuk | C371: 2026-07-10 | D371: Hastane (Kurumsal) | E371: Lead Toplama (Form) | F371: Lead - Estetik/Plastik/Saç | G371: 1054.18 | I371: 0 | J371: 4425 | K371: 7306
A372: Doruk Hastaneleri | B372: Checkup - genel - lead | C372: 2026-07-03 | D372: Hastane (Kurumsal) | E372: Lead Toplama (Form) | F372: Lead - Check-up/Tarama | G372: 1053.64 | H372: Potansiyel müşteriler (form) | I372: 2 | J372: 7225 | K372: 9705
A373: Doruk Hastaneleri | B373: Uzman Hekim Başvuru | C373: 2026-07-04 | D373: Hastane (Kurumsal) | E373: Lead Toplama (Form) | F373: Lead - İK/İş Başvurusu | G373: 1053.01 | H373: Potansiyel müşteriler (form) | I373: 1 | J373: 6506 | K373: 7972
A374: Doruk Hastaneleri | B374: CBO / Saç Ekimi - lead / soğuk | C374: 2026-06-26 | D374: Hastane (Kurumsal) | E374: Lead Toplama (Form) | F374: Lead - Estetik/Plastik/Saç | G374: 1048.97 | H374: Potansiyel müşteriler (form) | I374: 2 | J374: 5141 | K374: 7020
A375: Doruk Hastaneleri | B375: ABO / Meme Estetiği / plastik cerrahi / lead | C375: 2026-07-10 | D375: Hastane (Kurumsal) | E375: Lead Toplama (Form) | F375: Lead - Estetik/Plastik/Saç | G375: 1047.38 | H375: Potansiyel müşteriler (form) | I375: 4 | J375: 5807 | K375: 7817
A376: Doruk Hastaneleri | B376: Hemşire İş Başvuru - lead | C376: 2026-06-23 | D376: Hastane (Kurumsal) | E376: Lead Toplama (Form) | F376: Lead - İK/İş Başvurusu | G376: 1040.95 | H376: Potansiyel müşteriler (form) | I376: 1 | J376: 12187 | K376: 18220
A377: Doruk Hastaneleri | B377: ABO / Meme Estetiği / plastik cerrahi / lead | C377: 2026-07-03 | D377: Hastane (Kurumsal) | E377: Lead Toplama (Form) | F377: Lead - Estetik/Plastik/Saç | G377: 1039.91 | H377: Potansiyel müşteriler (form) | I377: 4 | J377: 5840 | K377: 8241
A378: Doruk Hastaneleri | B378: Checkup - genel - lead | C378: 2026-07-04 | D378: Hastane (Kurumsal) | E378: Lead Toplama (Form) | F378: Lead - Check-up/Tarama | G378: 1035.1 | H378: Potansiyel müşteriler (form) | I378: 1 | J378: 8007 | K378: 10087
A379: Doruk Hastaneleri | B379: ABO / Meme Estetiği / plastik cerrahi / lead | C379: 2026-07-16 | D379: Hastane (Kurumsal) | E379: Lead Toplama (Form) | F379: Lead - Estetik/Plastik/Saç | G379: 1033.57 | H379: Potansiyel müşteriler (form) | I379: 4 | J379: 6390 | K379: 8981
A380: Doruk Hastaneleri | B380: Uzman Hekim Başvuru | C380: 2026-07-13 | D380: Hastane (Kurumsal) | E380: Lead Toplama (Form) | F380: Lead - İK/İş Başvurusu | G380: 1032.95 | H380: Potansiyel müşteriler (form) | I380: 2 | J380: 7594 | K380: 10048
A381: Doruk Hastaneleri | B381: Uzman Hekim Başvuru | C381: 2026-07-03 | D381: Hastane (Kurumsal) | E381: Lead Toplama (Form) | F381: Lead - İK/İş Başvurusu | G381: 1022.3 | H381: Potansiyel müşteriler (form) | I381: 6 | J381: 6978 | K381: 9440
A382: Doruk Hastaneleri | B382: Hemşire İş Başvuru - lead | C382: 2026-07-04 | D382: Hastane (Kurumsal) | E382: Lead Toplama (Form) | F382: Lead - İK/İş Başvurusu | G382: 1019.06 | H382: Potansiyel müşteriler (form) | I382: 8 | J382: 10920 | K382: 17155
A383: Doruk Hastaneleri | B383: Checkup - genel - lead | C383: 2026-07-15 | D383: Hastane (Kurumsal) | E383: Lead Toplama (Form) | F383: Lead - Check-up/Tarama | G383: 1018.24 | H383: Potansiyel müşteriler (form) | I383: 4 | J383: 9034 | K383: 11684
... A393: Doruk Hastaneleri | B393: Hemşire İş Başvuru - lead | C393: 2026-06-30 | D393: Hastane (Kurumsal) | E393: Lead Toplama (Form) | F393: Lead - İK/İş Başvurusu | G393: 973.04 | H393: Potansiyel müşteriler (form) | I393: 4 | J393: 10490 | K393: 16223
A394: Doruk Hastaneleri | B394: Hemşire İş Başvuru - lead | C394: 2026-07-02 | D394: Hastane (Kurumsal) | E394: Lead Toplama (Form) | F394: Lead - İK/İş Başvurusu | G394: 970.05 | I394: 0 | J394: 8657 | K394: 15325
A395: Doruk Hastaneleri | B395: ABO / Meme Estetiği / plastik cerrahi / lead | C395: 2026-06-23 | D395: Hastane (Kurumsal) | E395: Lead Toplama (Form) | F395: Lead - Estetik/Plastik/Saç | G395: 969.31 | H395: Potansiyel müşteriler (form) | I395: 3 | J395: 7088 | K395: 9279
A396: Doruk Hastaneleri | B396: CBO / Saç Ekimi - lead / soğuk | C396: 2026-07-15 | D396: Hastane (Kurumsal) | E396: Lead Toplama (Form) | F396: Lead - Estetik/Plastik/Saç | G396: 968.59 | H396: Potansiyel müşteriler (form) | I396: 4 | J396: 4243 | K396: 6714
A397: Doruk Hastaneleri | B397: ABO / Meme Estetiği / plastik cerrahi / lead | C397: 2026-07-15 | D397: Hastane (Kurumsal) | E397: Lead Toplama (Form) | F397: Lead - Estetik/Plastik/Saç | G397: 965.02 | H397: Potansiyel müşteriler (form) | I397: 1 | J397: 5950 | K397: 8373
A398: Doruk Hastaneleri | B398: ABO / Rinoplasti / plastik cerrahi / lead | C398: 2026-07-18 | D398: Hastane (Kurumsal) | E398: Lead Toplama (Form) | F398: Lead - Estetik/Plastik/Saç | G398: 956.58 | I398: 0 | J398: 4684 | K398: 6664
A399: Doruk Hastaneleri | B399: ABO / Meme Estetiği / plastik cerrahi / lead | C399: 2026-06-30 | D399: Hastane (Kurumsal) | E399: Lead Toplama (Form) | F399: Lead - Estetik/Plastik/Saç | G399: 950.42 | H399: Potansiyel müşteriler (form) | I399: 2 | J399: 7276 | K399: 9472
A400: Doruk Hastaneleri | B400: ABO / Rinoplasti / plastik cerrahi / lead | C400: 2026-06-28 | D400: Hastane (Kurumsal) | E400: Lead Toplama (Form) | F400: Lead - Estetik/Plastik/Saç | G400: 948.74 | H400: Potansiyel müşteriler (form) | I400: 1 | J400: 3259 | K400: 4628
A401: Doruk Hastaneleri | B401: Uzman Hekim Başvuru | C401: 2026-06-30 | D401: Hastane (Kurumsal) | E401: Lead Toplama (Form) | F401: Lead - İK/İş Başvurusu | G401: 939.45 | H401: Potansiyel müşteriler (form) | I401: 3 | J401: 6092 | K401: 7892
A402: Doruk Hastaneleri | B402: CBO / Saç Ekimi - lead / soğuk | C402: 2026-06-30 | D402: Hastane (Kurumsal) | E402: Lead Toplama (Form) | F402: Lead - Estetik/Plastik/Saç | G402: 929.83 | H402: Potansiyel müşteriler (form) | I402: 3 | J402: 4180 | K402: 5973
A403: Doruk Hastaneleri | B403: Checkup - genel - lead | C403: 2026-07-13 | D403: Hastane (Kurumsal) | E403: Lead Toplama (Form) | F403: Lead - Check-up/Tarama | G403: 927.31 | I403: 0 | J403: 7234 | K403: 9769
A404: Doruk Hastaneleri | B404: CBO / Saç Ekimi - lead / soğuk | C404: 2026-07-16 | D404: Hastane (Kurumsal) | E404: Lead Toplama (Form) | F404: Lead - Estetik/Plastik/Saç | G404: 924.98 | H404: Potansiyel müşteriler (form) | I404: 3 | J404: 4694 | K404: 6905
A405: Doruk Hastaneleri | B405: ABO / Rinoplasti / plastik cerrahi / lead | C405: 2026-07-01 | D405: Hastane (Kurumsal) | E405: Lead Toplama (Form) | F405: Lead - Estetik/Plastik/Saç | G405: 910.99 | H405: Potansiyel müşteriler (form) | I405: 3 | J405: 2765 | K405: 3982
A406: Doruk Hastaneleri | B406: CBO / Saç Ekimi - lead / soğuk | C406: 2026-07-20 | D406: Hastane (Kurumsal) | E406: Lead Toplama (Form) | F406: Lead - Estetik/Plastik/Saç | G406: 904.88 | I406: 0 | J406: 4775 | K406: 7455
A407: Doruk Hastaneleri | B407: ABO / Rinoplasti / plastik cerrahi / lead | C407: 2026-06-26 | D407: Hastane (Kurumsal) | E407: Lead Toplama (Form) | F407: Lead - Estetik/Plastik/Saç | G407: 899.37 | H407: Potansiyel müşteriler (form) | I407: 2 | J407: 3764 | K407: 4906
A408: Doruk Hastaneleri | B408: Uzman Hekim Başvuru | C408: 2026-07-20 | D408: Hastane (Kurumsal) | E408: Lead Toplama (Form) | F408: Lead - İK/İş Başvurusu | G408: 891.77 | H408: Potansiyel müşteriler (form) | I408: 3 | J408: 5847 | K408: 7644
A409: Doruk Hastaneleri | B409: ABO / Rinoplasti / plastik cerrahi / lead | C409: 2026-07-08 | D409: Hastane (Kurumsal) | E409: Lead Toplama (Form) | F409: Lead - Estetik/Plastik/Saç | G409: 883.64 | I409: 0 | J409: 3345 | K409: 4879
A410: Doruk Hastaneleri | B410: ABO / Rinoplasti / plastik cerrahi / lead | C410: 2026-06-23 | D410: Hastane (Kurumsal) | E410: Lead Toplama (Form) | F410: Lead - Estetik/Plastik/Saç | G410: 883.06 | I410: 0 | J410: 3076 | K410: 4289
A411: Doruk Hastaneleri | B411: Uzman Hekim Başvuru | C411: 2026-07-17 | D411: Hastane (Kurumsal) | E411: Lead Toplama (Form) | F411: Lead - İK/İş Başvurusu | G411: 880.75 | H411: Potansiyel müşteriler (form) | I411: 1 | J411: 5125 | K411: 6158
A412: Doruk Hastaneleri | B412: CBO / Saç Ekimi - lead / soğuk | C412: 2026-06-29 | D412: Hastane (Kurumsal) | E412: Lead Toplama (Form) | F412: Lead - Estetik/Plastik/Saç | G412: 878.53 | H412: Potansiyel müşteriler (form) | I412: 1 | J412: 3527 | K412: 5121
A413: Doruk Hastaneleri | B413: ABO / Meme Estetiği / plastik cerrahi / lead | C413: 2026-06-29 | D413: Hastane (Kurumsal) | E413: Lead Toplama (Form) | F413: Lead - Estetik/Plastik/Saç | G413: 876.42 | H413: Potansiyel müşteriler (form) | I413: 3 | J413: 7242 | K413: 9601
A414: Doruk Hastaneleri | B414: Checkup - genel - lead | C414: 2026-07-17 | D414: Hastane (Kurumsal) | E414: Lead Toplama (Form) | F414: Lead - Check-up/Tarama | G414: 873.99 | H414: Potansiyel müşteriler (form) | I414: 4 | J414: 4754 | K414: 5976
A415: Doruk Hastaneleri | B415: Prostat Checkup - lead | C415: 2026-06-27 | D415: Hastane (Kurumsal) | E415: Lead Toplama (Form) | F415: Lead - Check-up/Tarama | G415: 866.54 | H415: Potansiyel müşteriler (form) | I415: 5 | J415: 7505 | K415: 10185
A416: Doruk Hastaneleri | B416: Checkup - genel - lead | C416: 2026-06-30 | D416: Hastane (Kurumsal) | E416: Lead Toplama (Form) | F416: Lead - Check-up/Tarama | G416: 863.74 | H416: Potansiyel müşteriler (form) | I416: 1 | J416: 7455 | K416: 9566
A417: Doruk Hastaneleri | B417: ABO / Rinoplasti / plastik cerrahi / lead | C417: 2026-07-13 | D417: Hastane (Kurumsal) | E417: Lead Toplama (Form) | F417: Lead - Estetik/Plastik/Saç | G417: 863.45 | H417: Potansiyel müşteriler (form) | I417: 2 | J417: 4157 | K417: 6447
A418: Doruk Hastaneleri | B418: Prostat Checkup - lead | C418: 2026-07-18 | D418: Hastane (Kurumsal) | E418: Lead Toplama (Form) | F418: Lead - Check-up/Tarama | G418: 861.55 | H418: Potansiyel müşteriler (form) | I418: 6 | J418: 10291 | K418: 14793
A419: Doruk Hastaneleri | B419: ABO / Meme Estetiği / plastik cerrahi / lead | C419: 2026-07-20 | D419: Hastane (Kurumsal) | E419: Lead Toplama (Form) | F419: Lead - Estetik/Plastik/Saç | G419: 856.31 | H419: Potansiyel müşteriler (form) | I419: 5 | J419: 5355 | K419: 7297
A420: Doruk Hastaneleri | B420: ABO / Rinoplasti / plastik cerrahi / lead | C420: 2026-07-10 | D420: Hastane (Kurumsal) | E420: Lead Toplama (Form) | F420: Lead - Estetik/Plastik/Saç | G420: 851.39 | H420: Potansiyel müşteriler (form) | I420: 1 | J420: 2719 | K420: 3965
A421: Doruk Hastaneleri | B421: CBO / Saç Ekimi - lead / soğuk | C421: 2026-07-04 | D421: Hastane (Kurumsal) | E421: Lead Toplama (Form) | F421: Lead - Estetik/Plastik/Saç | G421: 831.26 | H421: Potansiyel müşteriler (form) | I421: 1 | J421: 2788 | K421: 4485
A422: Doruk Hastaneleri | B422: Hemşire İş Başvuru - lead | C422: 2026-07-20 | D422: Hastane (Kurumsal) | E422: Lead Toplama (Form) | F422: Lead - İK/İş Başvurusu | G422: 829.13 | I422: 0 | J422: 10403 | K422: 16082
A423: Doruk Hastaneleri | B423: ABO / Rinoplasti / plastik cerrahi / lead | C423: 2026-07-02 | D423: Hastane (Kurumsal) | E423: Lead Toplama (Form) | F423: Lead - Estetik/Plastik/Saç | G423: 821.66 | H423: Potansiyel müşteriler (form) | I423: 1 | J423: 2875 | K423: 4314
A424: Doruk Hastaneleri | B424: CBO / Saç Ekimi - lead / soğuk | C424: 2026-06-24 | D424: Hastane (Kurumsal) | E424: Lead Toplama (Form) | F424: Lead - Estetik/Plastik/Saç | G424: 814.17 | H424: Potansiyel müşteriler (form) | I424: 1 | J424: 4349 | K424: 5447
A425: Doruk Hastaneleri | B425: Hemşire İş Başvuru - lead | C425: 2026-06-29 | D425: Hastane (Kurumsal) | E425: Lead Toplama (Form) | F425: Lead - İK/İş Başvurusu | G425: 813.54 | H425: Potansiyel müşteriler (form) | I425: 1 | J425: 9260 | K425: 14215
A426: Doruk Hastaneleri | B426: ABO / Rinoplasti / plastik cerrahi / lead | C426: 2026-07-03 | D426: Hastane (Kurumsal) | E426: Lead Toplama (Form) | F426: Lead - Estetik/Plastik/Saç | G426: 801.45 | H426: Potansiyel müşteriler (form) | I426: 2 | J426: 2645 | K426: 4056
A427: Doruk Hastaneleri | B427: ABO / Meme Estetiği / plastik cerrahi / lead | C427: 2026-07-17 | D427: Hastane (Kurumsal) | E427: Lead Toplama (Form) | F427: Lead - Estetik/Plastik/Saç | G427: 793.07 | H427: Potansiyel müşteriler (form) | I427: 3 | J427: 3913 | K427: 5359
A428: Doruk Hastaneleri | B428: ABO / Rinoplasti / plastik cerrahi / lead | C428: 2026-07-16 | D428: Hastane (Kurumsal) | E428: Lead Toplama (Form) | F428: Lead - Estetik/Plastik/Saç | G428: 790.25 | H428: Potansiyel müşteriler (form) | I428: 1 | J428: 3607 | K428: 5201
A429: Doruk Hastaneleri | B429: ABO / Rinoplasti / plastik cerrahi / lead | C429: 2026-07-20 | D429: Hastane (Kurumsal) | E429: Lead Toplama (Form) | F429: Lead - Estetik/Plastik/Saç | G429: 781.66 | I429: 0 | J429: 4307 | K429: 5841
A430: Doruk Hastaneleri | B430: Uzman Hekim Başvuru | C430: 2026-06-29 | D430: Hastane (Kurumsal) | E430: Lead Toplama (Form) | F430: Lead - İK/İş Başvurusu | G430: 781.58 | I430: 0 | J430: 6117 | K430: 7431
A431: Doruk Hastaneleri | B431: ABO / Rinoplasti / plastik cerrahi / lead | C431: 2026-07-15 | D431: Hastane (Kurumsal) | E431: Lead Toplama (Form) | F431: Lead - Estetik/Plastik/Saç | G431: 757.84 | I431: 0 | J431: 3538 | K431: 5006
A432: Doruk Hastaneleri | B432: CBO / Saç Ekimi - lead / soğuk | C432: 2026-07-17 | D432: Hastane (Kurumsal) | E432: Lead Toplama (Form) | F432: Lead - Estetik/Plastik/Saç | G432: 754.75 | H432: Potansiyel müşteriler (form) | I432: 1 | J432: 3269 | K432: 5027
A433: Doruk Hastaneleri | B433: FTR Yatılı - lead | C433: 2026-07-21 | D433: Hastane (Kurumsal) | E433: Lead Toplama (Form) | F433: Lead - Kadın Doğum/Gebe/FTR | G433: 754.22 | H433: Potansiyel müşteriler (form) | I433: 2 | J433: 10520 | K433: 11160
A434: Doruk Hastaneleri | B434: Prostat Checkup - lead | C434: 2026-07-10 | D434: Hastane (Kurumsal) | E434: Lead Toplama (Form) | F434: Lead - Check-up/Tarama | G434: 753.26 | H434: Potansiyel müşteriler (form) | I434: 6 | J434: 7629 | K434: 11110
A435: Doruk Hastaneleri | B435: Uzman Hekim Başvuru | C435: 2026-06-24 | D435: Hastane (Kurumsal) | E435: Lead Toplama (Form) | F435: Lead - İK/İş Başvurusu | G435: 749.17 | H435: Potansiyel müşteriler (form) | I435: 5 | J435: 6133 | K435: 7361
A436: Doruk Hastaneleri | B436: ABO / Rinoplasti / plastik cerrahi / lead | C436: 2026-07-04 | D436: Hastane (Kurumsal) | E436: Lead Toplama (Form) | F436: Lead - Estetik/Plastik/Saç | G436: 746.97 | I436: 0 | J436: 4025 | K436: 5352
A437: Doruk Hastaneleri | B437: Hemşire İş Başvuru - lead | C437: 2026-07-09 | D437: Hastane (Kurumsal) | E437: Lead Toplama (Form) | F437: Lead - İK/İş Başvurusu | G437: 745.54 | H437: Potansiyel müşteriler (form) | I437: 1 | J437: 7003 | K437: 10520
A438: Doruk Hastaneleri | B438: Uzman Hekim Başvuru | C438: 2026-07-09 | D438: Hastane (Kurumsal) | E438: Lead Toplama (Form) | F438: Lead - İK/İş Başvurusu | G438: 741.58 | H438: Potansiyel müşteriler (form) | I438: 7 | J438: 3678 | K438: 4653
A439: Doruk Hastaneleri | B439: Checkup - genel - lead | C439: 2026-07-09 | D439: Hastane (Kurumsal) | E439: Lead Toplama (Form) | F439: Lead - Check-up/Tarama | G439: 732.37 | H439: Potansiyel müşteriler (form) | I439: 4 | J439: 4532 | K439: 5441
A440: Doruk Hastaneleri | B440: ABO / Rinoplasti / plastik cerrahi / lead | C440: 2026-06-30 | D440: Hastane (Kurumsal) | E440: Lead Toplama (Form) | F440: Lead - Estetik/Plastik/Saç | G440: 720.19 | I440: 0 | J440: 3274 | K440: 4565
A441: Doruk Hastaneleri | B441: Hemşire İş Başvuru - lead | C441: 2026-06-24 | D441: Hastane (Kurumsal) | E441: Lead Toplama (Form) | F441: Lead - İK/İş Başvurusu | G441: 717.49 | I441: 0 | J441: 9379 | K441: 13311
A442: Doruk Hastaneleri | B442: Prostat Checkup - lead | C442: 2026-07-16 | D442: Hastane (Kurumsal) | E442: Lead Toplama (Form) | F442: Lead - Check-up/Tarama | G442: 695.69 | H442: Potansiyel müşteriler (form) | I442: 6 | J442: 8008 | K442: 10406
A443: Doruk Hastaneleri | B443: Prostat Checkup - lead | C443: 2026-06-26 | D443: Hastane (Kurumsal) | E443: Lead Toplama (Form) | F443: Lead - Check-up/Tarama | G443: 688.96 | H443: Potansiyel müşteriler (form) | I443: 5 | J443: 7174 | K443: 9277
A444: Doruk Hastaneleri | B444: Prostat Checkup - lead | C444: 2026-07-08 | D444: Hastane (Kurumsal) | E444: Lead Toplama (Form) | F444: Lead - Check-up/Tarama | G444: 685.45 | H444: Potansiyel müşteriler (form) | I444: 7 | J444: 5417 | K444: 7031
...
